{"blog-sidebar":{"search-1":{"title":"\u0627\u0628\u062d\u062b \u0647\u0646\u0627"},"rr-latest-posts-1":{"title":"\u0645\u0646\u0634\u0648\u0631 \u0634\u0627\u0626\u0639","count":"3","posts_order":"DESC"},"categories-1":{"title":"\u0641\u0626\u0629","count":0,"hierarchical":0,"dropdown":0},"tag_cloud-1":{"title":"\u0627\u0644\u0639\u0644\u0627\u0645\u0627\u062a \u0627\u0644\u0634\u0639\u0628\u064a\u0629","count":0,"taxonomy":"post_tag"}},"rr-visa-sidebar":{"rr-visas-list-1":{"title":"","count":"6","posts_order":"DESC"},"visas_offer_widget-1":{"sidebar_offer_img":"","short_description":"(+888) 123 456 765","img_link":"888123456765","fb_link":"","tw_link":"","ig_link":"","ld_link":"","yt_link":""}},"rr-coaching-sidebar":{"rr-coaching-list-1":{"title":"","count":"7","posts_order":"DESC"},"visas_offer_widget-2":{"sidebar_offer_img":"","short_description":"(+888) 123 456 765","img_link":"888123456765","fb_link":"","tw_link":"","ig_link":"","ld_link":"","yt_link":""}},"rr-countries-sidebar":{"kingfact_contact_info_widget-1":{"title":"\u062e\u0637\u0637 \u0644\u0631\u062d\u0644\u062a\u0643 \u0627\u0644\u0622\u0646","address":"6391 Elgin St. Celina, 10299","address_url":"","email":"info@example.com","phone_number":"(629) 555-0129","phone_number_url":"6295550129","button_text":"\u0627\u062a\u0635\u0644 \u0628\u0646\u0627","button_url":""},"custom_html-1":{"title":"","content":"<div class=\"countrie-details__input wow fadeInLeft  animated\" data-wow-delay=\".5s\" >\r\n                        <h5 class=\"mb-20\">\u0627\u0644\u0628\u062d\u062b \u0639\u0646 \u0627\u0644\u0628\u0644\u062f<\/h5>\r\n                        <input name=\"address\" id=\"address\" type=\"email\" placeholder=\"Select country name\">\r\n                        <div class=\"countrie-details__input-icon\">\r\n                            <i class=\"fa-solid fa-angle-right\"><\/i>\r\n                        <\/div>\r\n                    <\/div>"},"rr-countries-list-1":{"title":"","count":"6","posts_order":"DESC"}},"footer-1":{"medinet_info_widget-1":{"title":"","description":"\u062a\u0634\u064a\u0631 \u0627\u0644\u0623\u0639\u0645\u0627\u0644 \u0627\u0644\u062a\u062c\u0627\u0631\u064a\u0629 \u0644\u0644\u0634\u0631\u0643\u0627\u062a \u0639\u0627\u062f\u0629\u064b \u0625\u0644\u0649 \u0645\u0624\u0633\u0633\u0627\u062a \u0623\u0648 \u0645\u0646\u0638\u0645\u0627\u062a \u0645\u0627\u0646\u0633\u0648\u0644\u0627 \u0648\u0627\u0633\u0639\u0629 \u0627\u0644\u0646\u0637\u0627\u0642","facebook":"#","twitter":"#","instagram":"#","pinterest":"#","linkedin":"#","image_box_image":"https:\/\/wp.rrdevs.net\/routex\/wp-content\/uploads\/2024\/07\/logo.svg"}},"footer-2":{"nav_menu-1":{"title":"\u062e\u062f\u0645\u0627\u062a","nav_menu":18}},"footer-3":{"nav_menu-2":{"title":"\u0631\u0627\u0628\u0637 \u0645\u0641\u064a\u062f","nav_menu":19}},"footer-4":{"mc4wp_form_widget-1":{"title":"\u0627\u0634\u062a\u0631\u0643 \u0641\u064a \u0627\u0644\u0646\u0634\u0631\u0629 \u0627\u0644\u0625\u062e\u0628\u0627\u0631\u064a\u0629 \u0644\u062f\u064a\u0646\u0627"}},"footer-2-1":{"nav_menu-3":{"title":"\u0631\u0627\u0628\u0637 \u0645\u0641\u064a\u062f","nav_menu":19}},"footer-2-2":{"nav_menu-4":{"title":"\u0642\u0627\u0626\u0645\u0629 \u0627\u0644\u062e\u062f\u0645\u0629","nav_menu":18}},"footer-2-3":{"rr-latest-posts-footer-no-thumb-1":{"title":"\u0623\u062d\u062f\u062b \u0627\u0644\u0623\u062e\u0628\u0627\u0631","count":"2","posts_order":"DESC"}},"footer-2-4":{"mc4wp_form_widget-2":{"title":"\u0627\u0634\u062a\u0631\u0643 \u0641\u064a \u0627\u0644\u0646\u0634\u0631\u0629 \u0627\u0644\u0625\u062e\u0628\u0627\u0631\u064a\u0629 \u0644\u062f\u064a\u0646\u0627"}},"footer-3-1":{"medinet_info_widget_2-1":{"title":"","description":"\u062a\u0634\u064a\u0631 \u0627\u0644\u0623\u0639\u0645\u0627\u0644 \u0627\u0644\u062a\u062c\u0627\u0631\u064a\u0629 \u0644\u0644\u0634\u0631\u0643\u0627\u062a \u0639\u0627\u062f\u0629\u064b \u0625\u0644\u0649 \u0645\u0624\u0633\u0633\u0627\u062a \u0623\u0648 \u0645\u0646\u0638\u0645\u0627\u062a \u0627\u0644\u0645\u0648\u0627\u0631\u062f \u0627\u0644\u0628\u0634\u0631\u064a\u0629 \u0648\u0627\u0633\u0639\u0629 \u0627\u0644\u0646\u0637\u0627\u0642","facebook":"#","twitter":"#","instagram":"#","pinterest":"#","linkedin":"#","image_box_image":"https:\/\/wp.rrdevs.net\/routex\/wp-content\/uploads\/2024\/07\/logo.svg"}},"footer-3-2":{"nav_menu-5":{"title":"\u0642\u0627\u0626\u0645\u0629 \u0627\u0644\u062e\u062f\u0645\u0629","nav_menu":18}},"footer-3-3":{"nav_menu-6":{"title":"\u0631\u0627\u0628\u0637 \u0645\u0641\u064a\u062f","nav_menu":19}},"footer-3-4":{"mc4wp_form_widget-3":{"title":"\u0627\u0634\u062a\u0631\u0643 \u0641\u064a \u0627\u0644\u0646\u0634\u0631\u0629 \u0627\u0644\u0625\u062e\u0628\u0627\u0631\u064a\u0629 \u0644\u062f\u064a\u0646\u0627"}},"footer-4-1":{"medinet_info_widget_3-2":{"title":"\u0639\u0646 \u0627\u0644\u0634\u0631\u0643\u0629","description":"\u062a\u0634\u064a\u0631 \u0623\u0639\u0645\u0627\u0644 \u0627\u0644\u0634\u0631\u0643\u0627\u062a \u0639\u0627\u062f\u0629 \u0625\u0644\u0649 \u0645\u0624\u0633\u0633\u0627\u062a \u062a\u0643\u0646\u0648\u0644\u0648\u062c\u064a\u0627 \u0627\u0644\u0645\u0639\u0644\u0648\u0645\u0627\u062a \u0623\u0648 \u0627\u0644\u0645\u0646\u0638\u0645\u0627\u062a \u0648\u0627\u0633\u0639\u0629 \u0627\u0644\u0646\u0637\u0627\u0642","facebook":"#","twitter":"#","instagram":"#","pinterest":"#","linkedin":"#","image_box_image":""}},"footer-4-2":{"nav_menu-7":{"title":"\u0627\u0644\u0647\u062c\u0631\u0629","nav_menu":39}},"footer-4-3":{"nav_menu-8":{"title":"\u0631\u0627\u0628\u0637 \u0633\u0631\u064a\u0639","nav_menu":40}},"footer-4-4":{"routex_sidebar_instagram_post-2":{"title":"\u0645\u0639\u0631\u0636","gallery_img_1":"https:\/\/wprtl.rrdevs.net\/routex\/wp-content\/uploads\/2025\/02\/footer3-instragram6.png","gallery_img_2":"https:\/\/wprtl.rrdevs.net\/routex\/wp-content\/uploads\/2025\/02\/footer3-instragram5.png","gallery_img_3":"https:\/\/wprtl.rrdevs.net\/routex\/wp-content\/uploads\/2025\/02\/footer3-instragram4.png","gallery_img_4":"https:\/\/wprtl.rrdevs.net\/routex\/wp-content\/uploads\/2025\/02\/footer3-instragram3.png","gallery_img_5":"https:\/\/wprtl.rrdevs.net\/routex\/wp-content\/uploads\/2025\/02\/footer3-instragram2.png","gallery_img_6":"https:\/\/wprtl.rrdevs.net\/routex\/wp-content\/uploads\/2025\/02\/footer3-instragram1.png","instagram":"","instagram_2":"","instagram_3":"","instagram_4":""}}}