{"blog-sidebar":{"search-2":{"title":"Search Here"},"rr-latest-posts-2":{"title":"Popular Post","count":"3","posts_order":"DESC"},"categories-2":{"title":"Category","count":0,"hierarchical":0,"dropdown":0},"tag_cloud-2":{"title":"Popular Tags","count":0,"taxonomy":"post_tag"}},"product-sidebar":{"woocommerce_product_search-3":{"title":""},"woocommerce_product_categories-2":{"title":"Product categories","orderby":"name","dropdown":0,"count":0,"hierarchical":1,"show_children_only":0,"hide_empty":0,"max_depth":""},"woocommerce_products-2":{"title":"Products","number":3,"show":"","orderby":"date","order":"desc","hide_free":0,"show_hidden":0}},"rr-visa-sidebar":{"rr-visas-list-2":{"title":"","count":"6","posts_order":"DESC"},"visas_offer_widget-2":{"sidebar_offer_img":"","short_description":"(+888) 123 456 765","img_link":"888123456765","fb_link":"","tw_link":"","ig_link":"","ld_link":"","yt_link":""}},"rr-coaching-sidebar":{"rr-coaching-list-2":{"title":"","count":"7","posts_order":"DESC"},"visas_offer_widget-3":{"sidebar_offer_img":"","short_description":"(+888) 123 456 765","img_link":"888123456765","fb_link":"","tw_link":"","ig_link":"","ld_link":"","yt_link":""}},"rr-countries-sidebar":{"kingfact_contact_info_widget-2":{"title":"Plan Your Trip Now","address":"6391 Elgin St. Celina, 10299","address_url":"https:\/\/maps.app.goo.gl\/R8Y6ZY6s1KrcGWc67","email":"info@example.com","phone_number":"(629) 555-0129","phone_number_url":"6295550129","button_text":"Contact Us","button_url":"https:\/\/wp.rrdevs.net\/routex\/contact\/"},"custom_html-2":{"title":"","content":"<div class=\"countrie-details__input wow fadeInLeft  animated\" data-wow-delay=\".5s\" >\r\n                        <h5 class=\"mb-20\">Find Country<\/h5>\r\n                        <input name=\"address\" id=\"address\" type=\"email\" placeholder=\"Select country name\">\r\n                        <div class=\"countrie-details__input-icon\">\r\n                            <i class=\"fa-solid fa-angle-right\"><\/i>\r\n                        <\/div>\r\n                    <\/div>"},"rr-countries-list-3":{"title":"","count":"6","posts_order":"DESC"}},"footer-1":{"medinet_info_widget-2":{"title":"","description":"Corporate business typically refers to large-scale mansola it enterprises or organizat","facebook":"#","twitter":"#","instagram":"#","pinterest":"#","linkedin":"#","image_box_image":"https:\/\/wp.rrdevs.net\/routex\/wp-content\/uploads\/2024\/07\/logo.svg"}},"footer-2":{"nav_menu-2":{"title":"Services","nav_menu":17}},"footer-3":{"nav_menu-3":{"title":"Useful Link","nav_menu":18}},"footer-4":{"mc4wp_form_widget-2":{"title":"Subscribe Our Newsletter"}},"footer-2-1":{"nav_menu-4":{"title":"Useful Link","nav_menu":18}},"footer-2-2":{"nav_menu-5":{"title":"Service Menu","nav_menu":17}},"footer-2-3":{"rr-latest-posts-footer-no-thumb-2":{"title":"Latest News","count":"2","posts_order":"DESC"}},"footer-2-4":{"mc4wp_form_widget-3":{"title":"Subscribe Our Newsletter"}},"footer-3-1":{"medinet_info_widget_2-2":{"title":"","description":"Corporate business typically refers to large-scale mansola it enterprises or organizat hrdrgtetse","facebook":"#","twitter":"#","instagram":"#","pinterest":"#","linkedin":"#","image_box_image":"https:\/\/wp.rrdevs.net\/routex\/wp-content\/uploads\/2024\/07\/logo.svg"}},"footer-3-2":{"nav_menu-6":{"title":"Service Menu","nav_menu":17}},"footer-3-3":{"nav_menu-7":{"title":"Useful Link","nav_menu":18}},"footer-3-4":{"mc4wp_form_widget-4":{"title":"Subscribe Our Newsletter"}},"footer-4-1":{"medinet_info_widget_3-2":{"title":"About Company","description":"Corporate business typically refers to large-scale mansola it enterprises or organizat","facebook":"#","twitter":"#","instagram":"#","pinterest":"#","linkedin":"#","image_box_image":""}},"footer-4-2":{"nav_menu-8":{"title":"Immigration","nav_menu":26}},"footer-4-3":{"nav_menu-9":{"title":"Quick Link","nav_menu":27}},"footer-4-4":{"routex_sidebar_instagram_post-2":{"title":"Gallery","gallery_img_1":"https:\/\/wp.rrdevs.net\/routex\/wp-content\/uploads\/2024\/11\/footer3-instragram1.png","gallery_img_2":"https:\/\/wp.rrdevs.net\/routex\/wp-content\/uploads\/2024\/11\/footer3-instragram2.png","gallery_img_3":"https:\/\/wp.rrdevs.net\/routex\/wp-content\/uploads\/2024\/11\/footer3-instragram3.png","gallery_img_4":"https:\/\/wp.rrdevs.net\/routex\/wp-content\/uploads\/2024\/11\/footer3-instragram4.png","gallery_img_5":"https:\/\/wp.rrdevs.net\/routex\/wp-content\/uploads\/2024\/11\/footer3-instragram5.png","gallery_img_6":"https:\/\/wp.rrdevs.net\/routex\/wp-content\/uploads\/2024\/11\/footer3-instragram6.png","instagram":"","instagram_2":"","instagram_3":"","instagram_4":""}}}